<?xml version="1.0" encoding="UTF-8"?>
<project-private xmlns="http://www.netbeans.org/ns/project-private/1">
    <editor-bookmarks xmlns="http://www.netbeans.org/ns/editor-bookmarks/2" lastBookmarkId="0"/>
    <open-files xmlns="http://www.netbeans.org/ns/projectui-open-files/2">
        <group>
            <file>file:/D:/data%20structure%20and%20%20specialist%20programming/Student%20Record%20Management%20System/src/student/record/management/system/StudentRecordManagementSystem.java</file>
            <file>file:/D:/data%20structure%20and%20%20specialist%20programming/Student%20Record%20Management%20System/src/model/Student.java</file>
            <file>file:/D:/data%20structure%20and%20%20specialist%20programming/Student%20Record%20Management%20System/src/util/StudentQueue.java</file>
            <file>file:/D:/data%20structure%20and%20%20specialist%20programming/Student%20Record%20Management%20System/src/util/StudentStack.java</file>
            <file>file:/D:/data%20structure%20and%20%20specialist%20programming/Student%20Record%20Management%20System/src/controller/StudentController.java</file>
            <file>file:/D:/data%20structure%20and%20%20specialist%20programming/Student%20Record%20Management%20System/src/view/LoginForm.java</file>
            <file>file:/D:/data%20structure%20and%20%20specialist%20programming/Student%20Record%20Management%20System/DashboardForm.java</file>
            <file>file:/D:/data%20structure%20and%20%20specialist%20programming/Student%20Record%20Management%20System/src/view/DashboardForm.java</file>
            <file>file:/D:/data%20structure%20and%20%20specialist%20programming/Student%20Record%20Management%20System/src/student/record/management/system/Main.java</file>
            <file>file:/D:/data%20structure%20and%20%20specialist%20programming/Student%20Record%20Management%20System/.git/config</file>
        </group>
    </open-files>
</project-private>
